Product Name,Price
ASOS Chelsea Boots In Stone Suede With Emboss And Natural Sole,£50.00
ASOS Chelsea Boots In Brown Leather With Strap Detail And Natural Sole,£45.00
ASOS Chelsea Boots In Brown Leather With Contrast Sole,£40.00
ASOS Lace Up Boots In Black Leather With Distressed Sole,£40.00
adidas Originals NMD R1 STLT Primeknit Trainers In Black CQ2385,£150.00
adidas Originals EQT Cushion ADV Trainers In Black AH2231,£100.00
Nike Running Free Run Flyknit 2017 Trainers In White 880843-100,£110.00
adidas Training Athletics 24 Trainers In Grey CG3450,£80.00
adidas Training Athletics 24 Trainers In Black CG3448,£80.00
adidas Running PureBOOST In Black CP9326,£110.00
adidas Originals NMD R2 Trainers In Black BY9917,£110.00
adidas Originals Stan Smith Trainers In Black BZ0118,£100.00
ASOS Wide Fit Oxford Shoes in Black Leather With Toe Cap,£32.00
ASOS Wide Fit Oxford Brogue Shoes in Brown Leather,£32.00
ASOS Wide Fit Oxford Shoes In Brown Leather With Emboss Panel,£40.00
ASOS Oxford Shoes In Black Leather With Emboss Panel,£40.00
River Island Suede Chelsea Boots In Tan,£50.00
Burton Menswear Desert Boots In Black,£39.00
Walk London Ziggy Leather Chelsea Boots In Black,£95.00
Dr Martens 1460 8 Eye Boots in Brown,£130.00
Vans Old Skool Trainers In Black VD3HY28,£55.00
Vans Old Skool Trainers In Black VD3HBKA,£55.00
Vans Old Skool Trainers In Black VA38G1QR4,£57.00
Nike Air Force 1 '07 Trainers In Black 315122-001,£75.00
ASOS Slider In Black,£10.00
ASOS Oxford Brogue Shoes in Leather,£32.00
ASOS Loafers In Black Faux Leather With Tassel Detail,£25.00
ASOS Oxford Brogue Shoes in Tan Leather,£35.00
Vans Slip-On Checkerboard Plimsolls In Black VEYEBWW,£50.00
Vans Old Skool Trainers In White VD3HW00,£55.00
Vans Sk8-Hi Trainers In Black VD5IB8C,£60.00
Converse All Star Hi Plimsolls In Black M9160C,£55.00
ASOS Loafers In Black Faux Suede With Snaffle Detail,£25.00
ASOS Smart Loafers In Black Faux Suede With Crown Embroidery,£25.00
ASOS Brogue Loafers In Tan Leather With Gold Tassle Detail,£45.00
ASOS Tassel Loafer in Black Faux Suede,£25.00
adidas Originals N-5923 Trainers In Black AH2159,£70.00
Nike Running Air Max Fury Trainers In Black AA5739-002,£85.00
adidas Basketball Crazy Explosive 2017 Primeknit Trainers In White CQ0611,£130.00
adidas Basketball x Lliard Crazy Time 2 Trainers In White CQ0471,£90.00
Burton Menswear Derby Shoes In Black,£35.00
Burton Menswear Derby Shoes In Navy,£35.00
adidas Originals Adilette Sliders In Red 288193,£30.00
Fred Perry Hawley Suede Mid Shoes In Dark Brown,£85.00
Nike Classic Cortez Nylon Trainers In Black 807472-011,£62.00
Reebok Classic Nylon Trainers In Black 6604,£55.00
Nike Dualtone Racer Premium Trainers In Black 924448-002,£75.00
Vans Sk8-Mid Reissue Checkerboard Trainers In Black VA391FQXH,£57.00
ASOS Lace Up Plimsolls In Black Warm Handle,£18.00
ASOS Casual Lace Up Shoes In Tan Leather With Perforation detail,£35.00
ASOS Casual Lace Up Shoes In Black Leather With Perforation detail,£35.00
ASOS Wide Fit Derby Shoes in Brown Leather,£32.00
Nike Jordan Spizike Retro Trainers In Navy 315371-406,£140.00
River Island Trainers With Side Mesh Detail In Black,£25.00
River Island Faux Croc Trainers With Zips In Grey,£28.00
HUGO Derby Patent Leather Shoes in Black,£199.00
ASOS Loafers In Burgundy Leather With Creeper Sole,£55.00
ASOS Slip On Plimsolls With Diagonal Checkerboard And Chunky Sole,£22.00
ASOS Wide Fit Oxford Brogue Shoes in Black Leather,£32.00
ASOS Wide Fit Derby Shoes in Black Leather,£32.00
BOSS Smooth Leather Oxford Shoes in Black,£199.00
BOSS Suede Logo Drivers in Grey,£219.00
Emerica Herman G-Code x Vol 4 Trainers,£70.00
Emerica Reynolds Low Vulc In Tan,£55.00
ASOS Chelsea Boots in Black Faux Suede,£28.00
ASOS Chelsea Boots in Suede,£35.00
ASOS Lace Up Trainers In White,£20.00
ASOS Chelsea Boots in Suede,£35.00
Nike Benassi JDI Sliders In Navy 343880-403,£22.00
adidas Originals EQT Cushion ADV Trainers In White CQ2379,£100.00
Lacoste Fraisier Croc Slider Flip Flops,£22.00
New Look Derby Shoes In Black,£19.99
